<?xml version="1.0" encoding="UTF-8" ?>
<beans xmlns="http://www.springframework.org/schema/beans"
	xmlns:p="http://www.springframework.org/schema/p"
	xmlns:aop="http://www.springframework.org/schema/aop"
	xmlns:context="http://www.springframework.org/schema/context"
	xmlns:xsi="http://www.w3.org/2001/XMLSchema-instance"
	xsi:schemaLocation="http://www.springframework.org/schema/beans   
http://www.springframework.org/schema/beans/spring-beans-3.0.xsd
http://www.springframework.org/schema/aop
http://www.springframework.org/schema/aop/spring-aop-3.0.xsd
http://www.springframework.org/schema/context
http://www.springframework.org/schema/context/spring-context-3.0.xsd">
 
 <bean id="propertyPlaceHolderConfigurer" class="org.springframework.beans.factory.config.PropertyPlaceholderConfigurer">
 	<property name="locations">
 		<value>/WEB-INF/config/jdbc/jdbc.properties</value>
 	</property>
 </bean>
 
 <bean id="dataSource" class="org.apache.ibatis.datasource.pooled.PooledDataSource">
 	<property name="driver" value="${jdbc.driverClassName}" />
 	<property name="url" value="${jdbc.url}" />
 	<property name="username" value="${jdbc.username}" />
 	<property name="password" value="${jdbc.password}" />
 </bean>
 
 <bean id="sqlSessionFactory" class="org.mybatis.spring.SqlSessionFactoryBean">
 	<property name="dataSource" ref="dataSource" />

<!--  	<property name="configLocation" value="classpath:mybatis/model/modelConfig.xml" />
 	 <property name="mapperLocations" value="classpath:mybatis/mappers/productionPlan.xml" /> -->

<!--  	<property name="configLocation" value="classpath:mybatis/model/bomModelConfig.xml" />
 	<property name="mapperLocations" value="classpath:mybatis/mappers/BOMMapper.xml" /> -->

<!-- 	<property name="configLocation" value="classpath:mybatis/model/mainplanModelConfig.xml" />
 	<property name="mapperLocations" value="classpath:mybatis/mappers/mainplan.xml" /> -->
 	
<!--  	<property name="configLocation" value="classpath:mybatis/model/mrpModelConfig.xml" />
 	<property name="mapperLocations" value="classpath:mybatis/mappers/mrp.xml" /> -->
 	
<!--  	<property name="configLocation" value="classpath:mybatis/model/billingModelConfig.xml" />
 	<property name="mapperLocations" value="classpath:mybatis/mappers/billing.xml" /> -->


 	<property name="mapperLocations" value="classpath:mybatis/mappers/erp.xml" />
	<property name="configLocation" value="classpath:mybatis/model/modelConfig.xml" />

 </bean>
 
 <bean id="sqlSession" class="org.mybatis.spring.SqlSessionTemplate">
 	<constructor-arg index="0" ref="sqlSessionFactory"></constructor-arg>
 </bean>
 
</beans>
