<?xml version="1.0" encoding="UTF-8"?>
<beans:beans
	xmlns="http://www.springframework.org/schema/mvc"
	xmlns:xsi="http://www.w3.org/2001/XMLSchema-instance"
	xmlns:beans="http://www.springframework.org/schema/beans"
	xmlns:mvc="http://www.springframework.org/schema/mvc"
	xmlns:context="http://www.springframework.org/schema/context"
	xsi:schemaLocation="http://www.springframework.org/schema/mvc http://www.springframework.org/schema/mvc/spring-mvc.xsd
		http://www.springframework.org/schema/beans http://www.springframework.org/schema/beans/spring-beans.xsd
		http://www.springframework.org/schema/context http://www.springframework.org/schema/context/spring-context.xsd">

	<!-- DispatcherServlet Context: defines this servlet's request-processing 
		infrastructure -->

	<!-- Enables the Spring MVC @Controller programming model -->
	<annotation-driven />

	<!-- Handles HTTP GET requests for /resources/** by efficiently serving 
		up static resources in the ${webappRoot}/resources directory -->
	<resources mapping="/resources/**" location="/resources/" />

	<!-- Resolves views selected for rendering by @Controllers to .jsp resources 
		in the /WEB-INF/views directory -->

	<!-- <beans:bean class="org.springframework.web.servlet.view.InternalResourceViewResolver"> 
		<beans:property name="prefix" value="/WEB-INF/views/" /> <beans:property 
		name="suffix" value=".jsp" /> </beans:bean> -->


	<!-- 타일즈 실습 설정 -->


	<beans:bean id="tilesConfigurer"
		class="org.springframework.web.servlet.view.tiles2.TilesConfigurer">

		<beans:property name="definitions">
			<beans:list>
				<beans:value>classpath:tiles/*.xml</beans:value>
			</beans:list>
		</beans:property>
		<beans:property name="preparerFactoryClass"
			value="org.springframework.web.servlet.view.tiles2.SpringBeanPreparerFactory" />
	</beans:bean>
	<beans:bean id="viewResolver"
		class="org.springframework.web.servlet.view.UrlBasedViewResolver">
		<beans:property name="viewClass"
			value="org.springframework.web.servlet.view.tiles2.TilesView" />
		<beans:property name="order" value="1"></beans:property>
	</beans:bean>

	<context:component-scan
		base-package="com.myspring.*" />

	<mvc:interceptors>
		<mvc:interceptor>
			<mvc:mapping path="/*/*.do" />
			<beans:bean
				class="com.myspring.commonProduction.Interceptor.ViewNameInterceptor" />
		</mvc:interceptor>

		<mvc:interceptor>
			<mvc:mapping path="/*/*.do" />
			<beans:bean
				class="com.myspring.MainPlan.interceptor.ViewNameInterceptor" />
		</mvc:interceptor>

		<mvc:interceptor>
			<mvc:mapping path="/*/*.do" />
			<beans:bean
				class="com.myspring.Requiredamount.interceptor.ViewNameInterceptor" />
		</mvc:interceptor>

		<mvc:interceptor>
			<mvc:mapping path="/*/*.do" />
			<beans:bean
				class="com.myspring.Billing.interceptor.ViewNameInterceptor" />
		</mvc:interceptor>
		
		<!-- <mvc:interceptor>
			<mvc:mapping path="/*/*.do" />
			<beans:bean
				class="com.myspring.outsourcing_manage.RegOutsourcing.interceptor.ViewNameInterceptor" />
		</mvc:interceptor> -->
		
	</mvc:interceptors>

	<mvc:annotation-driven />

</beans:beans>
