<?xml version="1.0" encoding="UTF-8"?>
<!DOCTYPE configuration 	PUBLIC "-//mybatis.org//DTD Config 3.0//EN"
	"http://mybatis.org/dtd/mybatis-3-config.dtd">

<configuration>

 <settings>
        <setting name="cacheEnabled" value="false" />
        <setting name="jdbcTypeForNull" value="NULL" />
    </settings>
	<typeAliases>
		<!-- 생산파트 -->
		<typeAlias type="com.myspring.commonProduction.commitOperationInstruction.vo.CommitOperationInstructionVO" alias="CommitOperationInstructionVO" />
		<typeAlias type="com.myspring.commonProduction.operationRegist.vo.OperationRegistVO" alias="OperationRegistVO" />
		<typeAlias type="com.myspring.commonProduction.operationRegist.vo.FactoryViewVO" alias="FactoryViewVO" />
		<typeAlias type="com.myspring.commonProduction.operationRegist.vo.DepartmentViewVO" alias="DepartmentViewVO" />
		<typeAlias type="com.myspring.commonProduction.operationRegist.vo.ProductionPalnViewVO" alias="ProductionPalnViewVO" />
		<!-- 물류 구매관리 파트 -->
		<typeAlias type="com.myspring.MainPlan.vo.MainPlanVO" alias="MainPlanVO" />
		<typeAlias type="com.myspring.MainPlan.MpsOS.vo.MpsOSVO" alias="MpsOSVO" />
		<typeAlias type="com.myspring.Billing.vo.BIllIngVO" alias="BIllIngVO" />
 		<typeAlias type="com.myspring.Billing.List.vo.ListVO" alias="ListVO" />
		<typeAlias type="com.myspring.Requiredamount.vo.RequiredamountVO" alias="RequiredamountVO" />
		<!-- BOM 모델 -->
		<typeAlias type="com.myspring.productionBaseInfo.BOM.vo.bomVO" alias="bomVO" />
		<!-- 판매계획 파트 -->
		<!-- <typeAlias type="com.myspring.salesmanage.pop.itemview.vo.ItemviewVO" alias="itemviewVO" /> -->
		
		<!-- 외주 파트 -->
		<!-- <typeAlias type="com.myspring.outsourcing_manage.RegOutsourcing.vo.RegOutsourcingVO" alias="RegOutsourcingVO" /> -->
		
	</typeAliases>
</configuration>	 